{
    "build": {
      "arduino": {
        "ldscript": "esp32s3_out.ld",
        "memory_type": "qio_qspi"
      },
      "core": "esp32",
      "extra_flags": [
        "-DARDUINO_ESP32S3_SUPERMINI",
        "-DBOARD_HAS_PSRAM",
        "-DARDUINO_USB_CDC_ON_BOOT=1"
      ],
      "f_cpu": "240000000L",
      "f_flash": "80000000L",
      "flash_mode": "qio",
      "hwids": [
        [
          "0x303D",
          "0x100D"
        ]
      ],
      "mcu": "esp32s3",
      "variants_dir": "boards/variants",
      "variant": "esp32s3_supermini"
    },
    "connectivity": [
      "bluetooth",
      "wifi"
    ],
    "debug": {
      "openocd_target": "esp32s3.cfg"
    },
    "frameworks": [
      "arduino",
      "espidf"
    ],
    "name": "ESP32-S3 SuperMini",
    "upload": {
      "flash_size": "4MB",
      "maximum_ram_size": 327680,
      "maximum_size": 4194304,
      "require_upload_port": true,
      "speed": 460800
    },
    "url": "https://www.aliexpress.com",
    "vendor": "AliExpress"
}
  